{
  "head": {
    "docType": "2",
    "editorVersion": "6.5.51",
    "c_para": {
      "name": "MP1584EN Adjustable Buck Converter 12V-24V to 5V 3A",
      "package": "MP1484EN DC-DC BUCK CONVERTER (7.5X8.5)",
      "pre": "U?",
      "Manufacturer": "",
      "Manufacturer Part": "",
      "Supplier Part": "https://goo.gl/G1LPMP",
      "Supplier": "",
      "link": "",
      "Contributor": "grich006"
    },
    "c_spiceCmd": null,
    "puuid": "d6134e83a114425790cda66a150a2390",
    "hasIdFlag": true,
    "x": 150,
    "y": 30,
    "utime": 1700799659,
    "uuid": "a88aa62524704e0487d0720bdbf4873a",
    "importFlag": 0
  },
  "canvas": "CA~1000~1000~#FFFFFF~yes~#CCCCCC~10~1000~1000~line~10~pixel~5~150~30",
  "shape": [
    "P~show~0~1~230~40~0~gge5~0^^230~40^^M 230 40 h -20~#880000^^1~208~43~0~OUT-~end~~~#0000FF^^1~215~39~0~1~start~~~#0000FF^^0~213~40^^0~M 210 37 L 207 40 L 210 43",
    "P~show~0~2~230~50~0~gge12~0^^230~50^^M 230 50 h -20~#880000^^1~208~53~0~OUT-~end~~~#0000FF^^1~215~49~0~2~start~~~#0000FF^^0~213~50^^0~M 210 47 L 207 50 L 210 53",
    "P~show~0~3~230~70~0~gge19~0^^230~70^^M 230 70 h -20~#880000^^1~208~73~0~OUT+~end~~~#0000FF^^1~215~69~0~3~start~~~#0000FF^^0~213~70^^0~M 210 67 L 207 70 L 210 73",
    "P~show~0~4~230~80~0~gge26~0^^230~80^^M 230 80 h -20~#880000^^1~208~83~0~OUT+~end~~~#0000FF^^1~215~79~0~4~start~~~#0000FF^^0~213~80^^0~M 210 77 L 207 80 L 210 83",
    "P~show~0~5~130~80~180~gge33~0^^130~80^^M 130 80 h 20~#880000^^1~152~83~0~IN+~start~~~#0000FF^^1~145~79~0~5~end~~~#0000FF^^0~147~80^^0~M 150 83 L 153 80 L 150 77",
    "P~show~0~6~130~70~180~gge40~0^^130~70^^M 130 70 h 20~#880000^^1~152~73~0~IN+~start~~~#0000FF^^1~145~69~0~6~end~~~#0000FF^^0~147~70^^0~M 150 73 L 153 70 L 150 67",
    "P~show~0~7~130~50~180~gge47~0^^130~50^^M 130 50 h 20~#880000^^1~152~53~0~IN-~start~~~#0000FF^^1~145~49~0~7~end~~~#0000FF^^0~147~50^^0~M 150 53 L 153 50 L 150 47",
    "P~show~0~8~130~40~180~gge54~0^^130~40^^M 130 40 h 20~#880000^^1~152~43~0~IN-~start~~~#0000FF^^1~145~39~0~8~end~~~#0000FF^^0~147~40^^0~M 150 43 L 153 40 L 150 37",
    "R~150~30~~~60~60~#000000~1~0~none~gge68~0~"
  ],
  "BBox": {
    "x": 129,
    "y": 29.7,
    "width": 102,
    "height": 60.3
  },
  "colors": {}
}