{
  "head": {
    "docType": "4",
    "editorVersion": "6.5.51",
    "c_para": {
      "package": "MP1484EN DC-DC BUCK CONVERTER (7.5X8.5)",
      "pre": "U?",
      "Contributor": "dotsha747"
    },
    "hasIdFlag": true,
    "x": 4000,
    "y": 3000,
    "uuid": "d6134e83a114425790cda66a150a2390",
    "utime": 1547388758,
    "importFlag": 0,
    "transformList": "",
    "uuid_3d": ""
  },
  "canvas": "CA~1000~1000~#000000~yes~#FFFFFF~10~1000~1000~line~0.5~mil~1~45~visible~0.5~4000~3000~0~yes",
  "shape": [
    "TRACK~1~3~~4000 3085 4000 3000 4065.5 3000 4065.5 3085 4000 3085~gge10~0",
    "TEXT~L~4029.5~3005.73~0.8~0~0~3~~5~IN~M 4029.5 3003 L 4029.5 3007.78 M 4031 3003 L 4031 3007.78 M 4031 3003 L 4034.18 3007.78 M 4034.18 3003 L 4034.18 3007.78~~gge55~~0~",
    "TEXT~L~4025~3081.23~0.8~0~0~3~~5~OUT~M 4026.36 3078.5 L 4025.91 3078.73 L 4025.45 3079.18 L 4025.23 3079.64 L 4025 3080.32 L 4025 3081.46 L 4025.23 3082.14 L 4025.45 3082.59 L 4025.91 3083.05 L 4026.36 3083.28 L 4027.27 3083.28 L 4027.73 3083.05 L 4028.18 3082.59 L 4028.41 3082.14 L 4028.64 3081.46 L 4028.64 3080.32 L 4028.41 3079.64 L 4028.18 3079.18 L 4027.73 3078.73 L 4027.27 3078.5 L 4026.36 3078.5 M 4030.14 3078.5 L 4030.14 3081.91 L 4030.36 3082.59 L 4030.82 3083.05 L 4031.5 3083.28 L 4031.95 3083.28 L 4032.64 3083.05 L 4033.09 3082.59 L 4033.32 3081.91 L 4033.32 3078.5 M 4036.41 3078.5 L 4036.41 3083.28 M 4034.82 3078.5 L 4038 3078.5~~gge59~~0~",
    "TEXT~L~4003.5~3070.05~0.8~0~0~3~~5~+~M 4005.55 3068 L 4005.55 3072.1 M 4003.5 3070.05 L 4007.59 3070.05~~gge107~~0~",
    "TEXT~L~4003~3014.55~0.8~0~0~3~~5~+~M 4005.05 3012.5 L 4005.05 3016.6 M 4003 3014.55 L 4007.09 3014.55~~gge110~~0~",
    "TEXT~L~4058~3015~0.8~0~0~3~~5~-~M 4058 3015 L 4062.09 3015~~gge113~~0~",
    "TEXT~L~4058~3070~0.8~0~0~3~~5~-~M 4058 3070 L 4062.09 3070~~gge116~~0~",
    "PAD~RECT~4060~3080~6~6~11~~1~1.8~4057 3077 4063 3077 4063 3083 4057 3083~0~gge62~0~~Y~0~0~0.4~4060,3080",
    "PAD~ELLIPSE~4050~3080~6~6~11~~2~1.8~~0~gge67~0~~Y~0~0~0.4~4050,3080",
    "PAD~ELLIPSE~4015~3080.27~6~6~11~~3~1.8~~0~gge72~0~~Y~0~0~0.4~4015,3080.27",
    "PAD~ELLIPSE~4005.5~3080~6~6~11~~4~1.8~~0~gge77~0~~Y~0~0~0.4~4005.5,3080",
    "PAD~ELLIPSE~4005~3005.5~6~6~11~~5~1.8~~0~gge82~0~~Y~0~0~0.2~4005,3005.5",
    "PAD~ELLIPSE~4015~3005.5~6~6~11~~6~1.8~~0~gge87~0~~Y~0~0~0.2~4015,3005.5",
    "PAD~ELLIPSE~4050~3005.5~6~6~11~~7~1.8~~0~gge92~0~~Y~0~0~0.4~4050,3005.5",
    "PAD~ELLIPSE~4060~3005.5~6~6~11~~8~1.8~~0~gge97~0~~Y~0~0~0.4~4060,3005.5"
  ],
  "layers": [
    "1~TopLayer~#FF0000~true~true~true~",
    "2~BottomLayer~#0000FF~true~false~true~",
    "3~TopSilkLayer~#FFCC00~true~false~true~",
    "4~BottomSilkLayer~#66CC33~true~false~true~",
    "5~TopPasteMaskLayer~#808080~true~false~true~",
    "6~BottomPasteMaskLayer~#800000~true~false~true~",
    "7~TopSolderMaskLayer~#800080~true~false~true~",
    "8~BottomSolderMaskLayer~#AA00FF~true~false~true~",
    "9~Ratlines~#6464FF~false~false~true~",
    "10~BoardOutline~#FF00FF~true~false~true~",
    "11~Multi-Layer~#C0C0C0~true~false~true~",
    "12~Document~#FFFFFF~true~false~true~",
    "13~TopAssembly~#33CC99~false~false~false~",
    "14~BottomAssembly~#5555FF~false~false~false~",
    "15~Mechanical~#F022F0~false~false~false~",
    "19~3DModel~#66CCFF~false~false~false~",
    "21~Inner1~#800000~false~false~false~~",
    "22~Inner2~#008000~false~false~false~~",
    "23~Inner3~#00FF00~false~false~false~~",
    "24~Inner4~#BC8E00~false~false~false~~",
    "25~Inner5~#70DBFA~false~false~false~~",
    "26~Inner6~#00CC66~false~false~false~~",
    "27~Inner7~#9966FF~false~false~false~~",
    "28~Inner8~#800080~false~false~false~~",
    "29~Inner9~#008080~false~false~false~~",
    "30~Inner10~#15935F~false~false~false~~",
    "31~Inner11~#000080~false~false~false~~",
    "32~Inner12~#00B400~false~false~false~~",
    "33~Inner13~#2E4756~false~false~false~~",
    "34~Inner14~#99842F~false~false~false~~",
    "35~Inner15~#FFFFAA~false~false~false~~",
    "36~Inner16~#99842F~false~false~false~~",
    "37~Inner17~#2E4756~false~false~false~~",
    "38~Inner18~#3535FF~false~false~false~~",
    "39~Inner19~#8000BC~false~false~false~~",
    "40~Inner20~#43AE5F~false~false~false~~",
    "41~Inner21~#C3ECCE~false~false~false~~",
    "42~Inner22~#728978~false~false~false~~",
    "43~Inner23~#39503F~false~false~false~~",
    "44~Inner24~#0C715D~false~false~false~~",
    "45~Inner25~#5A8A80~false~false~false~~",
    "46~Inner26~#2B937E~false~false~false~~",
    "47~Inner27~#23999D~false~false~false~~",
    "48~Inner28~#45B4E3~false~false~false~~",
    "49~Inner29~#215DA1~false~false~false~~",
    "50~Inner30~#4564D7~false~false~false~~",
    "51~Inner31~#6969E9~false~false~false~~",
    "52~Inner32~#9069E9~false~false~false~~",
    "99~ComponentShapeLayer~#00CCCC~false~false~false~0.4",
    "100~LeadShapeLayer~#CC9999~false~false~false~",
    "101~ComponentMarkingLayer~#66FFCC~false~false~false~",
    "Hole~Hole~#222222~~false~true~",
    "DRCError~DRCError~#FAD609~~false~true~"
  ],
  "objects": [
    "All~true~false",
    "Component~true~true",
    "Prefix~true~true",
    "Name~true~false",
    "Track~true~true",
    "Pad~true~true",
    "Via~true~true",
    "Hole~true~true",
    "Copper_Area~true~true",
    "Circle~true~true",
    "Arc~true~true",
    "Solid_Region~true~true",
    "Text~true~true",
    "Image~true~true",
    "Rect~true~true",
    "Dimension~true~true",
    "Protractor~true~true"
  ],
  "BBox": {
    "x": 4000,
    "y": 3000,
    "width": 65.5,
    "height": 85
  },
  "netColors": {}
}